class_id,class_key,name_ko,current_food_code,candidate_1_code,candidate_1_name,candidate_1_score,candidate_2_code,candidate_2_name,candidate_2_score,candidate_3_code,candidate_3_name,candidate_3_score
0,white_rice,흰밥(공기밥),,D704-212000000-0001,흰죽,0.50,D701-083000000-0001,팥밥,0.50,D701-023000000-0001,알밥,0.50
1,brown_rice,현미밥,D501-050000000-0001,D701-050000000-0001,현미밥,1.00,D601-050000000-0001,현미밥,1.00,D501-050000000-0001,현미밥,1.00
2,gimbap,김밥,D101-007000000-0001,D701-007000000-0001,김밥,1.00,D501-007000000-0001,김밥,1.00,D101-007000000-0001,김밥,1.00
3,bibimbap,비빔밥,D501-018000000-0001,D701-018000000-0001,비빔밥,1.00,D601-018000000-0001,비빔밥,1.00,D501-018000000-0001,비빔밥,1.00
4,bokkeumbap,볶음밥,D101-017000000-0001,D301-017000000-0002,볶음밥,1.00,D101-017000000-0001,볶음밥,1.00,D701-017630000-0001,볶음밥_햄,1.00
5,deopbap,덮밥,,D301-051000000-0001,회덮밥,1.00,D701-060000000-0001,낙지 덮밥,1.00,D601-080000000-0001,장어 덮밥,1.00
6,curry_rice,카레라이스,D101-044000000-0001,D101-044000000-0001,카레라이스,1.00,D501-044580000-0001,카레라이스_두부,1.00,D401-044480000-0001,카레라이스_채소,1.00
7,omurice,오므라이스,D501-028000000-0001,D701-028000000-0001,오므라이스,1.00,D601-028000000-0001,오므라이스,1.00,D501-028000000-0001,오므라이스,1.00
8,ramyeon,라면,D503-148000000-0001,D703-148000000-0001,라면,1.00,D603-148000000-0001,라면,1.00,D503-148000000-0001,라면,1.00
9,jjajangmyeon,짜장면,D503-197000000-0001,D703-197000000-0001,짜장면,1.00,D603-197000000-0001,짜장면,1.00,D503-197000000-0001,짜장면,1.00
10,jjamppong,짬뽕,D503-172000000-0001,D703-172000000-0001,짬뽕,1.00,D603-172000000-0001,짬뽕,1.00,D503-172000000-0001,짬뽕,1.00
11,udon,우동,D503-164000000-0001,D703-164000000-0001,우동,1.00,D603-164000000-0001,우동,1.00,D503-164000000-0001,우동,1.00
12,naengmyeon,냉면,,D703-187000000-0001,물냉면,1.00,D603-187000000-0001,물냉면,1.00,D503-187000000-0001,물냉면,1.00
13,kalguksu,칼국수,D503-174000000-0001,D703-174000000-0001,칼국수,1.00,D603-174000000-0001,칼국수,1.00,D503-174000000-0001,칼국수,1.00
14,jjolmyeon,쫄면,D503-173000000-0001,D703-173000000-0001,쫄면,1.00,D603-173000000-0001,쫄면,1.00,D503-173000000-0001,쫄면,1.00
15,spaghetti,스파게티/파스타,,D203-161000000-0010,스파게티_미트 치즈 파스타,0.70,D703-161000000-0001,스파게티,0.67,D603-161000000-0001,스파게티,0.67
16,kimchi_jjigae,김치찌개,D506-266000000-0001,D706-266000000-0001,김치찌개,1.00,D606-266000000-0001,김치찌개,1.00,D506-266000000-0001,김치찌개,1.00
17,doenjang_jjigae,된장찌개,D106-275000000-0001,D606-275000000-0001,된장찌개,1.00,D106-275000000-0001,된장찌개,1.00,D706-275380000-0001,된장찌개_호박,1.00
18,sundubu_jjigae,순두부찌개,D106-291030000-0001,D506-291320000-0001,순두부찌개_모듬,1.00,D506-291270000-0001,순두부찌개_해물,1.00,D106-291030000-0001,순두부찌개_김치,1.00
19,miyeokguk,미역국,D505-223000000-0001,D705-223000000-0001,미역국,1.00,D605-223000000-0001,미역국,1.00,D505-223000000-0001,미역국,1.00
20,yukgaejang,육개장,D105-245000000-0001,D505-245000000-0001,육개장,1.00,D105-245000000-0001,육개장,1.00,D705-232000000-0001,소고기육개장,1.00
21,seolleongtang,설렁탕,D105-231000000-0001,D705-231000000-0001,설렁탕,1.00,D505-231000000-0001,설렁탕,1.00,D105-231000000-0001,설렁탕,1.00
22,gomtang,곰탕,D505-203000000-0001,D705-203000000-0001,곰탕,1.00,D605-203000000-0001,곰탕,1.00,D505-203000000-0001,곰탕,1.00
23,galbitang,갈비탕,D505-199000000-0001,D705-199000000-0001,갈비탕,1.00,D605-199000000-0001,갈비탕,1.00,D505-199000000-0001,갈비탕,1.00
24,samgyetang,삼계탕,D505-228000000-0001,D705-228000000-0001,삼계탕,1.00,D605-228000000-0001,삼계탕,1.00,D505-228000000-0001,삼계탕,1.00
25,doenjangguk,된장국,,D705-285000000-0001,무 된장국,1.00,D605-305000000-0001,쑥 된장국,1.00,D605-285000000-0001,무 된장국,1.00
26,egg_soup,계란국,,D705-255000000-0001,토란국,0.67,D702-077000000-0001,계란빵,0.67,D505-255000000-0001,토란국,0.67
27,kongnamulguk,콩나물국,D105-253000000-0001,D505-253000000-0001,콩나물국,1.00,D405-253000000-0001,콩나물국,1.00,D105-253000000-0001,콩나물국,1.00
28,budae_jjigae,부대찌개,D506-284000000-0001,D706-284000000-0001,부대찌개,1.00,D606-284000000-0001,부대찌개,1.00,D506-284000000-0001,부대찌개,1.00
29,maeuntang,매운탕,,D406-333000000-0001,복 매운탕,1.00,D706-348000000-0001,장어매운탕,1.00,D706-343000000-0001,어묵 매운탕,1.00
30,samgyeopsal,삼겹살구이,D108-382000000-0001,D108-382000000-0001,삼겹살구이,1.00,D108-382020000-0001,삼겹살구이_고추장,1.00,D708-383000000-0001,삼치구이,0.67
31,moksal,목살구이,,D108-382000000-0001,삼겹살구이,0.67,D708-446000000-0001,햄구이,0.57,D708-365000000-0001,닭구이,0.57
32,bulgogi,불고기,,D708-386000000-0001,소불고기,1.00,D608-386000000-0001,소불고기,1.00,D508-386000000-0001,소불고기,1.00
33,jeyuk_bokkeum,제육볶음,D510-529000000-0001,D710-529000000-0001,제육볶음,1.00,D610-529000000-0001,제육볶음,1.00,D510-529000000-0001,제육볶음,1.00
34,dakgalbi,닭갈비,,D710-462000000-0001,닭볶음(닭갈비),0.90,D610-462000000-0001,닭볶음(닭갈비),0.90,D510-462000000-0001,닭볶음(닭갈비),0.90
35,chicken_fried,치킨(후라이드),D312-565000000-0001,D312-565000000-0001,치킨가스,1.00,D708-402000000-0001,치킨데리야끼,0.85,D702-123460000-0001,햄버거_치킨,0.85
36,chicken_seasoned,치킨(양념),D312-565000000-0001,D312-565000000-0001,치킨가스,1.00,D708-402000000-0001,치킨데리야끼,0.85,D702-123460000-0001,햄버거_치킨,0.85
37,grilled_mackerel,고등어구이,D508-357000000-0001,D708-357000000-0001,고등어구이,1.00,D608-357000000-0001,고등어구이,1.00,D508-357000000-0001,고등어구이,1.00
38,grilled_saury,삼치구이,D508-383000000-0001,D708-383000000-0001,삼치구이,1.00,D608-383000000-0001,삼치구이,1.00,D508-383000000-0001,삼치구이,1.00
39,grilled_hairtail,갈치구이,D508-355000000-0001,D708-355000000-0001,갈치구이,1.00,D608-355000000-0001,갈치구이,1.00,D508-355000000-0001,갈치구이,1.00
40,pork_cutlet,돈까스,,D202-120000000-2265,피자_돈까스웨그 피자 (M),0.72,D202-120000000-2264,피자_돈까스웨그 피자 (L),0.72,D712-550000000-0001,돈가스,0.67
41,fish_cutlet,생선까스,D512-559000000-0001,D712-559000000-0001,생선까스,1.00,D612-559000000-0001,생선까스,1.00,D512-559000000-0001,생선까스,1.00
42,tteokgalbi,떡갈비,D108-376000000-0001,D108-376000000-0001,떡갈비,1.00,D202-120000000-0422,피자_떡갈비 피자,0.90,D202-120000000-4148,피자_떡갈비(R),0.85
43,bossam,보쌈,D115-672000000-0001,D615-672000000-0001,보쌈김치,1.00,D515-672000000-0001,보쌈김치,1.00,D115-672000000-0001,보쌈김치,1.00
44,jokbal,족발,D107-344000000-0001,D307-344000000-0001,족발,1.00,D107-344000000-0001,족발,1.00,D110-461000000-0001,닭발볶음,0.33
45,egg_roll,계란말이,,D702-077000000-0001,계란빵,0.57,D502-077000000-0001,계란빵,0.57,D402-077000000-0001,계란빵,0.57
46,fried_egg,계란후라이,,D709-449000000-0001,달걀후라이,0.60,D609-449000000-0001,달걀후라이,0.60,D710-468000000-0001,라볶이,0.50
47,scrambled_egg,스크램블에그,,D709-433000000-0001,스크램블드에그,0.92,D609-433000000-0001,스크램블드에그,0.92,D509-433000000-0001,스크램블드에그,0.92
48,kimchi,배추김치,D315-670000000-0001,D315-670000000-0001,배추김치,1.00,D615-687000000-0001,양배추김치,1.00,D403-164250000-0001,우동_배추김치,1.00
49,kkakdugi,깍두기,D115-665000000-0001,D515-665000000-0001,깍두기,1.00,D315-665000000-0001,깍두기,1.00,D115-665000000-0001,깍두기,1.00
50,oi_sobagi,오이무침,D414-644000000-0001,D714-644000000-0001,오이무침,1.00,D514-644000000-0001,오이무침,1.00,D414-644000000-0001,오이무침,1.00
51,spinach_namul,시금치나물,D513-586000000-0001,D713-586000000-0001,시금치나물,1.00,D613-586000000-0001,시금치나물,1.00,D513-586000000-0001,시금치나물,1.00
52,bean_sprout_namul,콩나물무침,D113-597000000-0001,D613-597000000-0001,콩나물무침,1.00,D113-597000000-0001,콩나물무침,1.00,D713-597170000-0001,콩나물무침_소금,1.00
53,fernbrake_namul,고사리나물,D513-601000000-0001,D713-601000000-0001,고사리나물,1.00,D613-601000000-0001,고사리나물,1.00,D513-601000000-0001,고사리나물,1.00
54,anchovy_bokkeum,멸치볶음,D410-472000000-0001,D710-472000000-0001,멸치볶음,1.00,D510-472000000-0001,멸치볶음,1.00,D410-472000000-0001,멸치볶음,1.00
55,potato_jorim,감자조림,D511-508000000-0001,D711-508000000-0001,감자조림,1.00,D611-508000000-0001,감자조림,1.00,D511-508000000-0001,감자조림,1.00
56,quail_egg_jorim,메추리알장조림,D511-553000000-0001,D711-553000000-0001,메추리알장조림,1.00,D611-553000000-0001,메추리알장조림,1.00,D511-553000000-0001,메추리알장조림,1.00
57,eomuk_bokkeum,어묵볶음,D510-486000000-0001,D710-486000000-0001,어묵볶음,1.00,D610-486000000-0001,어묵볶음,1.00,D510-486000000-0001,어묵볶음,1.00
58,japchae,잡채,D110-492000000-0001,D110-492000000-0001,잡채,1.00,D701-033000000-0001,잡채밥,1.00,D601-033000000-0001,잡채밥,1.00
59,salad,샐러드,,D714-724000000-0001,햄샐러드,1.00,D614-724000000-0001,햄샐러드,1.00,D514-724000000-0001,햄샐러드,1.00
60,tteokbokki,떡볶이,D110-467000000-0001,D610-467000000-0001,떡볶이,1.00,D110-467000000-0001,떡볶이,1.00,D710-467290000-0001,떡볶이_어묵,1.00
61,sundae,순대,D507-337000000-0001,D707-337000000-0001,순대,1.00,D607-337000000-0001,순대,1.00,D507-337000000-0001,순대,1.00
62,twigim,모듬튀김,,D401-064000000-0001,모듬 김밥,0.75,D312-548000000-0001,닭모래집튀김,0.60,D712-606000000-0001,쑥튀김,0.57
63,hotdog,핫도그,D302-122000000-0001,D302-122000000-0001,핫도그,1.00,D302-122010000-0001,핫도그_감자,1.00,D202-122000000-0051,핫도그_핫도그,0.95
64,pizza,피자,D502-120000000-0001,D702-120000000-0001,피자,1.00,D602-120000000-0001,피자,1.00,D502-120000000-0001,피자,1.00
65,hamburger,햄버거,D302-123000000-0001,D702-123000000-0001,햄버거,1.00,D602-123000000-0001,햄버거,1.00,D302-123000000-0001,햄버거,1.00
66,sandwich,샌드위치,,D702-149000000-0001,햄샌드위치,1.00,D402-149000000-0001,햄샌드위치,1.00,D702-144000000-0001,소고기 샌드위치,1.00
67,toast,토스트,,D402-145000000-0001,토스트(식빵),0.95,D202-100000000-0017,식빵_모닝토스트,0.90,D202-115000000-0033,토스트_피자토스트,0.85
68,dumplings,만두,,D703-188000000-0001,물만두,1.00,D703-180000000-0001,군만두,1.00,D603-188000000-0001,물만두,1.00
69,jjinppang,찐빵/호빵,,D202-117000000-0016,팥빵_호두단팥빵,0.46,D202-117000000-0017,팥빵_호밀찰보리빵,0.43,D202-108000000-0032,치즈빵_크림치즈호두빵,0.38
70,soondae_gukbap,순대국밥,,D101-004310000-0001,국밥_순대국밥,1.00,D705-234000000-0001,순대국,0.86,D605-234000000-0001,순대국,0.86
71,pork_soup_rice,돼지국밥,,D701-063000000-0001,돼지머리국밥,0.80,D401-063000000-0001,돼지머리국밥,0.80,D301-004000000-0001,국밥,0.67
72,kimbap_triangle,삼각김밥,D401-019000000-0001,D701-019000000-0001,삼각김밥,1.00,D401-019000000-0001,삼각김밥,1.00,D301-019320000-0001,삼각김밥_숯불갈비,0.97
73,convenience_lunchbox,도시락,,D202-082000000-0216,도넛_시크릿블랙,0.36,D407-358000000-0001,도미찜,0.33,D302-122000000-0001,핫도그,0.33
74,apple,사과,,D202-103000000-0066,와플_사과 와플,0.79,D714-700000000-0001,양배추 사과 샐러드,0.75,D614-700000000-0001,양배추 사과 샐러드,0.75
75,banana,바나나,,D720-756000000-0001,딸기바나나 스무디,0.90,D520-756000000-0001,딸기바나나 스무디,0.90,D420-756000000-0001,딸기바나나 스무디,0.90
76,orange,귤/오렌지,,D317-704000000-0001,오이지,0.50,D117-704000000-0001,오이지,0.50,D220-753000000-0012,홍차_아쌈오렌지,0.46
77,grape,포도,,D202-099000000-0012,스콘_스콘 건포도,0.75,D202-099000000-0001,스콘_건포도 스콘,0.75,D219-709000000-0086,빙수_청포도 젤라또,0.71
78,strawberry,딸기,D420-755000000-0001,D420-755000000-0001,딸기넥타,1.00,D319-714010000-0001,우유_딸기,0.92,D202-094000000-0001,번_딸기번,0.92
79,watermelon,수박,D520-758000000-0001,D720-758000000-0001,수박화채,1.00,D620-758000000-0001,수박화채,1.00,D520-758000000-0001,수박화채,1.00
80,pear,배,,D709-424000000-0001,배추전,0.85,D705-225000000-0001,배추국,0.85,D605-225000000-0001,배추국,0.85
81,persimmon,감,,D709-408000000-0001,감자전,0.85,D706-260000000-0001,감자탕,0.85,D705-200000000-0001,감자국,0.85
82,yogurt,요거트,,D219-709000000-0159,빙수_요거트 빙수,0.90,D220-737000000-0526,스무디_망고요거트,0.85,D220-737000000-0484,스무디_딸기요거트,0.85
83,milk,우유,,D319-714010000-0001,우유_딸기,0.92,D502-133470000-0001,시리얼_우유,0.85,D107-317150000-0001,달걀찜_우유,0.85
84,soy_milk,두유,,D420-754000000-0001,두유 카페라떼,0.85,D420-754200000-0001,두유 카페라떼_시럽,0.71,D202-100000000-0025,식빵_밤콩달콩 두유 브레드,0.64
85,americano,아메리카노,,D320-748080000-0001,커피_아메리카노,1.00,D220-748080000-0028,커피_아메리카노,1.00,D220-748000000-0905,커피_아메리카노,1.00
86,latte,카페라떼,D420-762000000-0001,D420-762000000-0001,카페라떼,1.00,D420-754000000-0001,두유 카페라떼,1.00,D420-762200000-0001,카페라떼_시럽,1.00
87,juice,과일주스,,D320-716180000-0001,과ㆍ채주스_혼합과일 주스,0.85,D220-716000000-0233,과ㆍ채주스_생과일주스 딸기,0.82,D220-716000000-0112,과ㆍ채주스_키위 생과일 주스,0.82
88,soda,탄산음료,,D220-751000000-0008,탄산음료_슬림 청포도 탄산수,0.82,D220-751000000-0007,탄산음료_슬림 깔라만시 탄산수,0.79,D220-751000000-0005,탄산음료_쿨 라임 피지오 (Tall),0.73
89,ion_drink,이온음료,,D710-516000000-0001,베이컨채소볶음,0.36,D410-516000000-0001,베이컨채소볶음,0.36,D304-182000000-0001,미음,0.33
90,tofu,두부요리,,D709-420000000-0001,두부전,0.57,D705-280000000-0001,두부국,0.57,D609-420000000-0001,두부전,0.57
91,jeon_kimchi,김치전,D409-412000000-0001,D709-412000000-0001,김치전,1.00,D509-412000000-0001,김치전,1.00,D409-412000000-0001,김치전,1.00
92,jeon_pajeon,파전/해물파전,,D709-442000000-0001,해물파전,0.73,D609-442000000-0001,해물파전,0.73,D409-442000000-0001,해물파전,0.73
93,haemul_bokkeum,주꾸미/낙지볶음,,D610-493000000-0001,주꾸미볶음,0.77,D410-493000000-0001,주꾸미볶음,0.77,D310-493000000-0001,주꾸미볶음,0.77
94,raw_fish,회,,D427-762000000-0001,육회,1.00,D314-630000000-0001,물회,1.00,D127-762000000-0001,육회,1.00
95,gimbap_mayo,참치마요김밥,,D401-040000000-0001,참치덮밥,0.60,D701-007000000-0001,김밥,0.50,D501-007000000-0001,김밥,0.50
96,chicken_gangjeong,닭강정,D512-587000000-0001,D712-587000000-0001,닭강정,1.00,D612-587000000-0001,닭강정,1.00,D512-587000000-0001,닭강정,1.00
97,jjigae_cheonggukjang,청국장찌개,D106-297000000-0001,D406-297000000-0001,청국장찌개,1.00,D106-297000000-0001,청국장찌개,1.00,D706-321000000-0001,두부 청국장찌개,1.00
98,bibim_naengmyeon,비빔냉면,D403-192000000-0001,D703-192000000-0001,비빔냉면,1.00,D403-192000000-0001,비빔냉면,1.00,D303-144280000-0001,냉면_비빔냉면,1.00
99,fruit_cup,컵과일,,D714-608000000-0001,과일샐러드,0.50,D614-608000000-0001,과일샐러드,0.50,D514-608000000-0001,과일샐러드,0.50
