id,class_key,name_ko,priority,target_images,available_images,aihub_names,match_scores,status,food_code,notes
0,white_rice,흰밥(공기밥),P0,1000,0,,,empty,,
1,brown_rice,현미밥,P1,1000,0,,,empty,,
2,gimbap,김밥,P0,1000,2780,스팸김밥|꼬마김밥|땡초김밥|멸치김밥|새우김밥|누드김밥|충무김밥|돈가스김밥|땡초멸치김밥|빨간참치김밥,스팸김밥:0.90|꼬마김밥:0.90|땡초김밥:0.90|멸치김밥:0.90|새우김밥:0.90|누드김밥:0.90|충무김밥:0.90|돈가스김밥:0.89|땡초멸치김밥:0.88|빨간참치김밥:0.88,ok,,
3,bibimbap,비빔밥,P0,1000,780,돌솥비빔밥|멍게비빔밥|꼬막비빔밥|우삼겹비빔밥,돌솥비빔밥:1.00|멍게비빔밥:0.91|꼬막비빔밥:0.91|우삼겹비빔밥:0.90,ok,,
4,bokkeumbap,볶음밥,P0,1000,690,게살볶음밥|나시고랭볶음밥,게살볶음밥:0.91|나시고랭볶음밥:0.91,ok,,
5,deopbap,덮밥,P0,1000,1790,돈부리덮밥|연어회덮밥|낙지덮밥|참치마요덮밥|훈제연어덮밥|치킨마요덮밥|칠리새우덮밥,돈부리덮밥:0.91|연어회덮밥:0.91|낙지덮밥:0.90|참치마요덮밥:0.88|훈제연어덮밥:0.88|치킨마요덮밥:0.88|칠리새우덮밥:0.88,ok,,
6,curry_rice,카레라이스,P1,1000,870,카레우동|카레컵밥|카레고로케,카레우동:0.90|카레컵밥:0.90|카레고로케:0.89,ok,,
7,omurice,오므라이스,P1,1000,0,,,empty,,
8,ramyeon,라면,P0,1000,3130,냉라멘|시오라멘|미소라멘|소유라멘|차슈라멘|해물라면|만두라면|돈코츠라멘|떡만두라면,냉라멘:0.92|시오라멘:0.90|미소라멘:0.90|소유라멘:0.90|차슈라멘:0.90|해물라면:0.90|만두라면:0.90|돈코츠라멘:0.89|떡만두라면:0.89,ok,,
9,jjajangmyeon,짜장면,P0,1000,290,쟁반짜장|삼선간짜장,쟁반짜장:1.00|삼선간짜장:0.91,low,,
10,jjamppong,짬뽕,P0,1000,1790,나가사끼짬뽕|꼬막짬뽕|차돌짬뽕|쟁반짬뽕|순두부짬뽕|짬뽕 쌀국수|짬뽕차돌쌀국수,나가사끼짬뽕:1.00|꼬막짬뽕:0.90|차돌짬뽕:0.90|쟁반짬뽕:0.90|순두부짬뽕:0.89|짬뽕 쌀국수:0.88|짬뽕차돌쌀국수:0.88,ok,,
11,udon,우동,P1,1000,800,냉우동|크림우동|유부우동|새우튀김우동,냉우동:0.92|크림우동:0.90|유부우동:0.90|새우튀김우동:0.88,ok,,
12,naengmyeon,냉면,P0,1000,800,중화냉면|진주냉면|코다리냉면,중화냉면:1.00|진주냉면:0.90|코다리냉면:0.89,ok,,
13,kalguksu,칼국수,P0,1000,1460,칼국수|팥칼국수|추어칼국수|얼큰칼국수|바지락칼국수,칼국수:1.00|팥칼국수:0.93|추어칼국수:0.91|얼큰칼국수:0.91|바지락칼국수:0.90,ok,,
14,jjolmyeon,쫄면,P1,1000,0,,,empty,,
15,spaghetti,스파게티/파스타,P1,1000,3210,오일파스타|로제파스타|빠네로제파스타|새우로제파스타|새우오일파스타|까르보나라파스타|까르보나라떡볶이|봉골레파스타|새우토마토스파게티,오일파스타:1.00|로제파스타:1.00|빠네로제파스타:0.92|새우로제파스타:0.92|새우오일파스타:0.92|까르보나라파스타:0.91|까르보나라떡볶이:0.91|봉골레파스타:0.90|새우토마토스파게티:0.89,ok,,
16,kimchi_jjigae,김치찌개,P0,1000,120,꽁치김치찌개,꽁치김치찌개:0.92,low,,
17,doenjang_jjigae,된장찌개,P0,1000,550,차돌된장찌개|바지락된장찌개,차돌된장찌개:0.92|바지락된장찌개:0.91,ok,,
18,sundubu_jjigae,순두부찌개,P0,1000,280,해물순두부찌개,해물순두부찌개:0.92,low,,
19,miyeokguk,미역국,P0,1000,270,황태미역국,황태미역국:0.91,low,,
20,yukgaejang,육개장,P0,1000,760,황태닭개장|황태육개장,황태닭개장:0.91|황태육개장:0.91,ok,,
21,seolleongtang,설렁탕,P0,1000,0,,,empty,,
22,gomtang,곰탕,P1,1000,670,나주곰탕|황태닭곰탕,나주곰탕:0.90|황태닭곰탕:0.89,ok,,
23,galbitang,갈비탕,P0,1000,0,,,empty,,
24,samgyetang,삼계탕,P1,1000,390,반계탕,반계탕:1.00,low,,
25,doenjangguk,된장국,P1,1000,0,,,empty,,
26,egg_soup,계란국,P1,1000,0,,,empty,,
27,kongnamulguk,콩나물국,P1,1000,0,,,empty,,
28,budae_jjigae,부대찌개,P0,1000,380,황태부대찌개,황태부대찌개:0.92,low,,
29,maeuntang,매운탕,P1,1000,1440,해천탕|해신탕|우럭매운탕|광어매운탕,해천탕:1.00|해신탕:1.00|우럭매운탕:0.91|광어매운탕:0.91,ok,,
30,samgyeopsal,삼겹살구이,P0,1000,440,삼겹살스테이크,삼겹살스테이크:0.89,low,,
31,moksal,목살구이,P1,1000,0,,,empty,,
32,bulgogi,불고기,P0,1000,2410,불고기컵밥|불고기버거|불고기쌀국수|불고기파니니|고추장불고기|불고기피자(팬)|불고기피자(씬)|불백(뚝배기불고기)|콩나물불고기(콩불),불고기컵밥:0.91|불고기버거:0.91|불고기쌀국수:0.90|불고기파니니:0.90|고추장불고기:0.90|불고기피자(팬):0.89|불고기피자(씬):0.89|불백(뚝배기불고기):0.88|콩나물불고기(콩불):0.88,ok,,
33,jeyuk_bokkeum,제육볶음,P0,1000,510,제육볶음|제육컵밥,제육볶음:1.00|제육컵밥:0.90,ok,,
34,dakgalbi,닭갈비,P0,1000,700,닭갈비컵밥|치즈닭갈비|간장닭갈비,닭갈비컵밥:0.91|치즈닭갈비:0.91|간장닭갈비:0.91,ok,,
35,chicken_fried,치킨(후라이드),P0,1000,3140,순살후라이드치킨|닭윙후라이드치킨|후라이드치킨(뼈)|닭다리후라이드치킨|치킨버거|치킨너겟|치킨파히타|치킨토스트|치킨샐러드|탄두리치킨|순살간장반후라이드반치킨|닭윙간장치킨,순살후라이드치킨:0.93|닭윙후라이드치킨:0.93|후라이드치킨(뼈):0.92|닭다리후라이드치킨:0.92|치킨버거:0.90|치킨너겟:0.90|치킨파히타:0.89|치킨토스트:0.89|치킨샐러드:0.89|탄두리치킨:0.89|순살간장반후라이드반치킨:0.88|닭윙간장치킨:0.88,ok,,
36,chicken_seasoned,치킨(양념),P0,1000,3190,훈제양념치킨|순살양념치킨|닭윙양념치킨|순살간장치킨|닭다리간장치킨|닭다리양념치킨|간장치킨(뼈)|순살훈제양념치킨|닭윙&닭다리양념치킨|닭윙&닭다리간장치킨|순살양념파닭|양념닭가슴살,훈제양념치킨:0.92|순살양념치킨:0.92|닭윙양념치킨:0.92|순살간장치킨:0.92|닭다리간장치킨:0.91|닭다리양념치킨:0.91|간장치킨(뼈):0.91|순살훈제양념치킨:0.90|닭윙&닭다리양념치킨:0.89|닭윙&닭다리간장치킨:0.89|순살양념파닭:0.88|양념닭가슴살:0.88,ok,,
37,grilled_mackerel,고등어구이,P0,1000,130,고등어구이,고등어구이:1.00,low,,
38,grilled_saury,삼치구이,P1,1000,410,삼치구이|꽁치구이,삼치구이:1.00|꽁치구이:1.00,low,,
39,grilled_hairtail,갈치구이,P1,1000,140,갈치구이,갈치구이:1.00,low,,
40,pork_cutlet,돈까스,P0,1000,2910,카츠동|로제돈가스|피자돈까스|로스카츠(등심)|에비카츠|카츠나베|고구마돈가스|고구마치즈돈가스|히레카츠(안심),카츠동:0.92|로제돈가스:0.91|피자돈까스:0.91|로스카츠(등심):0.90|에비카츠:0.90|카츠나베:0.90|고구마돈가스:0.90|고구마치즈돈가스:0.89|히레카츠(안심):0.88,ok,,
41,fish_cutlet,생선까스,P1,1000,0,,,empty,,
42,tteokgalbi,떡갈비,P1,1000,0,,,empty,,
43,bossam,보쌈,P1,1000,0,,,empty,,
44,jokbal,족발,P1,1000,380,미니족발|불족발|냉채족발,미니족발:1.00|불족발:0.92|냉채족발:0.90,low,,
45,egg_roll,계란말이,P0,1000,280,치즈달걀말이,치즈달걀말이:0.92,low,,
46,fried_egg,계란후라이,P0,1000,0,,,empty,,
47,scrambled_egg,스크램블에그,P2,800,0,,,empty,,
48,kimchi,배추김치,P0,1000,1920,김치찜|김치죽|김치알컵밥|김치낙지죽|스팸김치컵밥|김치참치컵밥|김치참치마요컵밥,김치찜:0.92|김치죽:0.92|김치알컵밥:0.89|김치낙지죽:0.89|스팸김치컵밥:0.88|김치참치컵밥:0.88|김치참치마요컵밥:0.88,ok,,
49,kkakdugi,깍두기,P1,1000,0,,,empty,,
50,oi_sobagi,오이무침,P1,1000,0,,,empty,,
51,spinach_namul,시금치나물,P1,1000,0,,,empty,,
52,bean_sprout_namul,콩나물무침,P0,1000,0,,,empty,,
53,fernbrake_namul,고사리나물,P2,800,0,,,empty,,
54,anchovy_bokkeum,멸치볶음,P0,1000,0,,,empty,,
55,potato_jorim,감자조림,P0,1000,0,,,empty,,
56,quail_egg_jorim,메추리알장조림,P1,1000,0,,,empty,,
57,eomuk_bokkeum,어묵볶음,P0,1000,560,어묵튀김|핫바(어묵소시지),어묵튀김:0.90|핫바(어묵소시지):0.87,ok,,
58,japchae,잡채,P0,1000,530,잡채고로케|잡채말이튀김,잡채고로케:0.89|잡채말이튀김:0.88,ok,,
59,salad,샐러드,P1,1000,3140,콘샐러드|연어샐러드|두부샐러드|비프샐러드|버섯샐러드|치킨포케|연어포케|고구마샐러드|단호박샐러드|케이준샐러드,콘샐러드:0.93|연어샐러드:0.91|두부샐러드:0.91|비프샐러드:0.91|버섯샐러드:0.91|치킨포케:0.90|연어포케:0.90|고구마샐러드:0.90|단호박샐러드:0.90|케이준샐러드:0.90,ok,,
60,tteokbokki,떡볶이,P0,1000,2680,부대떡볶이|차돌떡볶이|곱창떡볶이|자장떡볶이|치즈떡볶이|크림떡볶이|마라떡볶이|로제떡볶이|우삼겹떡볶이|투움바떡볶이,부대떡볶이:0.91|차돌떡볶이:0.91|곱창떡볶이:0.91|자장떡볶이:0.91|치즈떡볶이:0.91|크림떡볶이:0.91|마라떡볶이:0.91|로제떡볶이:0.91|우삼겹떡볶이:0.90|투움바떡볶이:0.90,ok,,
61,sundae,순대,P0,1000,1410,찰순대|순대전골|모둠순대|아바이순대|오징어순대,찰순대:0.92|순대전골:0.90|모둠순대:0.90|아바이순대:0.89|오징어순대:0.89,ok,,
62,twigim,모듬튀김,P0,1000,1670,추어튀김|장어튀김|튀김꽃빵|튀김소보루|민물새우튀김,추어튀김:0.90|장어튀김:0.90|튀김꽃빵:0.90|튀김소보루:0.89|민물새우튀김:0.88,ok,,
63,hotdog,핫도그,P1,1000,1070,핫도그|감자핫도그|고구마핫도그|모짜렐라핫도그,핫도그:1.00|감자핫도그:0.91|고구마핫도그:0.90|모짜렐라핫도그:0.89,ok,,
64,pizza,피자,P0,1000,3280,오피자|피자빵|돌체피자|풍기피자|버섯피자|치즈피자|피자호빵|나폴리피자|루꼴라피자,오피자:0.92|피자빵:0.92|돌체피자:0.90|풍기피자:0.90|버섯피자:0.90|치즈피자:0.90|피자호빵:0.90|나폴리피자:0.89|루꼴라피자:0.89,ok,,
65,hamburger,햄버거,P0,1000,840,새우버거|치즈버거|베이컨치즈버거,새우버거:0.90|치즈버거:0.90|베이컨치즈버거:0.88,ok,,
66,sandwich,샌드위치,P1,1000,3200,햄샌드위치|치즈샌드위치|딸기샌드위치|반미샌드위치|에그샌드위치|클럽샌드위치|땅콩샌드위치|새우샌드위치|참치샌드위치|바질샌드위치|베이컨샌드위치|BLT샌드위치,햄샌드위치:0.93|치즈샌드위치:0.92|딸기샌드위치:0.92|반미샌드위치:0.92|에그샌드위치:0.92|클럽샌드위치:0.92|땅콩샌드위치:0.92|새우샌드위치:0.92|참치샌드위치:0.92|바질샌드위치:0.92|베이컨샌드위치:0.91|BLT샌드위치:0.91,ok,,
67,toast,토스트,P1,1000,2130,계란토스트|새우토스트|감자토스트|피자토스트|카야토스트|햄치즈토스트|베이컨토스트|프렌치토스트,계란토스트:0.91|새우토스트:0.91|감자토스트:0.91|피자토스트:0.91|카야토스트:0.91|햄치즈토스트:0.90|베이컨토스트:0.90|프렌치토스트:0.90,ok,,
68,dumplings,만두,P0,1000,3010,샤오롱바오|새우샤오롱바오|추어만두|가지만두|만두전골|새우만두|야끼만두|감자만두|납작만두|갈비만두,샤오롱바오:1.00|새우샤오롱바오:0.92|추어만두:0.90|가지만두:0.90|만두전골:0.90|새우만두:0.90|야끼만두:0.90|감자만두:0.90|납작만두:0.90|갈비만두:0.90,ok,,
69,jjinppang,찐빵/호빵,P2,800,950,꽃빵|단팥호빵|야채호빵,꽃빵:1.00|단팥호빵:0.90|야채호빵:0.90,ok,,
70,soondae_gukbap,순대국밥,P1,1000,0,,,empty,,
71,pork_soup_rice,돼지국밥,P0,1000,530,굴국밥|황태국밥|매생이굴국밥,굴국밥:0.92|황태국밥:0.90|매생이굴국밥:0.88,ok,,
72,kimbap_triangle,삼각김밥,P1,1000,0,,,empty,,
73,convenience_lunchbox,도시락,P1,1000,0,,,empty,,
74,apple,사과,P0,1000,69,사과주스,사과주스:1.00,very_low,,
75,banana,바나나,P0,1000,526,바나나와플|바나나주스|바나나쉐이크|딸기바나나주스,바나나와플:0.91|바나나주스:0.91|바나나쉐이크:0.90|딸기바나나주스:0.89,ok,,
76,orange,귤/오렌지,P0,1000,249,오렌지에이드|청귤차|청귤에이드,오렌지에이드:0.90|청귤차:0.88|청귤에이드:0.87,low,,
77,grape,포도,P1,1000,78,청포도에이드,청포도에이드:0.90,very_low,,
78,strawberry,딸기,P1,1000,2621,딸기빙수|딸기주스|딸기크로플|딸기타르트|딸기케이크|딸기롤케잌|딸기마카롱|생딸기와플|딸기스무디|딸기에이드|딸기크로와상|딸기크레이프,딸기빙수:0.90|딸기주스:0.90|딸기크로플:0.89|딸기타르트:0.89|딸기케이크:0.89|딸기롤케잌:0.89|딸기마카롱:0.89|생딸기와플:0.89|딸기스무디:0.89|딸기에이드:0.89|딸기크로와상:0.88|딸기크레이프:0.88,ok,,
79,watermelon,수박,P1,1000,81,수박주스,수박주스:1.00,very_low,,
80,pear,배,P1,1000,830,꽈배기|해물뚝배기|찹쌀꽈배기,꽈배기:0.88|해물뚝배기:0.87|찹쌀꽈배기:0.87,ok,,
81,persimmon,감,P2,800,230,감바스,감바스:0.88,low,,
82,yogurt,요거트,P1,1000,81,플레인요거트스무디,플레인요거트스무디:0.92,very_low,,
83,milk,우유,P0,1000,730,우유식빵|우유마카롱|우유크림빵,우유식빵:0.90|우유마카롱:0.89|우유크림빵:0.89,ok,,
84,soy_milk,두유,P1,1000,0,,,empty,,
85,americano,아메리카노,P0,1000,303,아이스아메리카노|아메리카노(HOT)|아이스헤이즐넛아메리카노|헤이즐넛아메리카노(HOT),아이스아메리카노:0.91|아메리카노(HOT):0.90|아이스헤이즐넛아메리카노:0.89|헤이즐넛아메리카노(HOT):0.89,low,,
86,latte,카페라떼,P0,1000,2544,아이스카페라떼|연유라떼|흑당라떼|오곡라떼|녹차라떼|말차라떼|카페라떼(HOT)|고구마라떼|달고나라떼|바닐라라떼|토피넛라떼|죠리퐁라떼|민트초코라떼|콜드브루라떼|아이스초코라떼|아이스돌체라떼|아이스모카라떼|아이스코코넛라떼|아이스시나몬라떼|아이스토피넛라떼|초코라떼(HOT)|돌체라떼(HOT)|모카라떼(HOT)|아이스초코모카라떼|아이스티라미수라떼|아이스헤이즐넛라떼|코코넛라떼(HOT)|시나몬라떼(HOT)|초코모카라떼(HOT)|티라미수라떼(HOT)|헤이즐넛라떼(HOT),아이스카페라떼:0.91|연유라떼:0.90|흑당라떼:0.90|오곡라떼:0.90|녹차라떼:0.90|말차라떼:0.90|카페라떼(HOT):0.89|고구마라떼:0.89|달고나라떼:0.89|바닐라라떼:0.89|토피넛라떼:0.89|죠리퐁라떼:0.89|민트초코라떼:0.88|콜드브루라떼:0.88|아이스초코라떼:0.88|아이스돌체라떼:0.88|아이스모카라떼:0.88|아이스코코넛라떼:0.88|아이스시나몬라떼:0.88|아이스토피넛라떼:0.88|초코라떼(HOT):0.87|돌체라떼(HOT):0.87|모카라떼(HOT):0.87|아이스초코모카라떼:0.87|아이스티라미수라떼:0.87|아이스헤이즐넛라떼:0.87|코코넛라떼(HOT):0.87|시나몬라떼(HOT):0.87|초코모카라떼(HOT):0.87|티라미수라떼(HOT):0.87|헤이즐넛라떼(HOT):0.87,ok,,
87,juice,과일주스,P1,1000,411,사과주스|망고주스|키위주스|자몽주스|토마토주스,사과주스:1.00|망고주스:0.90|키위주스:0.90|자몽주스:0.90|토마토주스:0.89,low,,
88,soda,탄산음료,P1,1000,0,,,empty,,
89,ion_drink,이온음료,P2,800,0,,,empty,,
90,tofu,두부요리,P0,1000,920,건두부볶음|두부두루치기|두부버섯전골,건두부볶음:0.89|두부두루치기:0.88|두부버섯전골:0.88,ok,,
91,jeon_kimchi,김치전,P0,1000,0,,,empty,,
92,jeon_pajeon,파전/해물파전,P0,1000,0,,,empty,,
93,haemul_bokkeum,주꾸미/낙지볶음,P1,1000,1510,낙지죽|산낙지회|낙지호롱|낙지전골|낙지탕탕이|주꾸미삽겹살볶음,낙지죽:0.92|산낙지회:0.90|낙지호롱:0.90|낙지전골:0.90|낙지탕탕이:0.89|주꾸미삽겹살볶음:0.89,ok,,
94,raw_fish,회,P1,1000,1880,물회|막회|광어회|오징어회|소라숙회|육회초밥,물회:0.90|막회:0.90|광어회:0.88|오징어회:0.88|소라숙회:0.88|육회초밥:0.88,ok,,
95,gimbap_mayo,참치마요김밥,P1,1000,240,참치마요컵밥,참치마요컵밥:0.92,low,,
96,chicken_gangjeong,닭강정,P1,1000,270,떡강정,떡강정:0.92,low,,
97,jjigae_cheonggukjang,청국장찌개,P1,1000,0,,,empty,,
98,bibim_naengmyeon,비빔냉면,P1,1000,0,,,empty,,
99,fruit_cup,컵과일,P2,800,0,,,empty,,
